nan,nan,nan,nan,nan,nan,nan,nan,nan,nan
7.111059451825614552e-02,3.624383715925259819e-02,-4.007110809563553255e-01,3.422747389898902082e-03,4.456245293018652048e-03,2.150526003549094178e-02,-1.473553194656692655e-01,-3.428378547554284533e-02,1.374321249532494127e-01,-1.008195864591629812e-02
1.908688378863712953e-01,5.239397206658864548e-01,-3.580398375864426441e-01,7.259388280358645973e-02,-1.285589678203088310e-02,5.514833959747797443e-02,-5.441720597346042521e-01,-1.638215253081769240e-01,9.725755062934300643e-02,-3.578872465166423322e-01
-1.419519328808931634e-04,-2.852919969935448674e-04,-1.033292314689172832e-03,-9.332493397197623127e-05,1.831196903617851059e-04,7.771947891537868457e-04,1.609306272331651605e-03,1.790462546788689836e-04,2.890563745692506081e-04,1.055437443035230896e-03
-6.824206582966085843e-02,-1.466468391163814888e-01,2.837301859626876199e-01,-4.144497162985888439e-02,4.275568476260481997e-03,-8.406967840063769848e-02,5.850332533916592637e-02,-3.905279601624446484e-02,-9.847449679018858981e-02,2.774059329582974007e-02
-4.979060853301824768e-02,-6.388965677919050679e-02,-3.015899707879101527e-03,-3.059827960600680630e-02,2.248199797622983664e-02,3.271063820277603229e-02,1.224401182280229344e-01,-8.351412426378418408e-02,-4.246837621483237624e-02,2.757650036376031455e-01
1.112035322488233446e-02,3.237676337480093619e-02,-1.487476842369023569e-02,4.235279028614468214e-03,-1.072913689980348455e-03,2.928325231071030651e-03,-4.287559177430419477e-02,-1.497598193590030276e-02,2.359136841053111663e-03,-1.762881258853157829e-02
2.298186132355609039e-05,2.087048910312075053e-03,1.109037443815411939e-03,2.446258381501448796e-04,-2.840393000906669789e-04,-2.790594102796553687e-04,-1.391685396221441651e-03,-4.516908759877505787e-04,-6.319021168386948018e-04,-3.378160009701077350e-04
-6.204135575438890927e-04,-2.835462145979098566e-03,-6.333444145978707777e-04,-4.187443074584755909e-04,2.869702661495499886e-04,2.499389309252372923e-04,3.082064641840656823e-03,1.579732502508181258e-03,3.299130145810297266e-04,1.020998883428637927e-03
9.636570417479812991e-04,9.153813469730341223e-04,-2.393326165510967218e-03,1.962983859880179389e-04,3.069116997297206069e-04,-1.669621410020555091e-04,-2.639791573627268788e-03,-5.893390704151466172e-04,9.045068456042887556e-04,-1.953699966652332979e-03
