nan,nan,nan,nan,nan,nan,nan,nan,nan,nan
-3.765577935070051866e-04,-1.381859582769609897e-04,1.382923373008284511e-03,2.473093311704953508e-03,2.748262810526543899e-03,1.639500277561900608e-04,1.324817255582967602e-04,-5.441439837009211461e-04,2.402983140651039021e-03,4.507209261292673130e-03
2.158298664608203701e-02,3.083828043702958183e-02,-1.302922320629208430e-01,-4.206972158277965529e-02,-5.432069496967326661e-01,8.154326802095462901e-02,-1.824406648470627834e-02,5.794645000189600770e-02,7.948972236114191028e-03,-4.533420744122267365e-01
1.133333739552707352e-02,-4.166038048859024845e-03,-6.276489610804455999e-02,-9.291428434279709603e-02,-1.391275518266146261e-01,1.327198766965263094e-02,-3.673943694732251936e-02,1.395618711152576269e-02,-3.899128253657813126e-02,-1.544615142780746964e-01
3.298815854912953704e-02,-1.123473109389395812e-02,-8.237440399972992267e-02,-2.093076921047224426e-01,-4.703700096911615502e-01,1.850599755172626856e-02,-1.321952786434323346e-01,2.487530343263992180e-02,-4.020861895927320406e-02,-2.748517037151844700e-01
2.621617592781890545e-04,8.204969506244168438e-05,-3.747556879620656239e-03,-5.527013292669400758e-03,1.942366582604679185e-03,-1.917037870909524906e-04,-3.069795263505160562e-03,-1.354560280523602381e-04,-5.004640261231799517e-03,1.038638095638389500e-03
7.344386013032613240e-04,-1.011713452428162014e-03,-2.631466056377872263e-03,-6.581602853518608853e-03,-1.477348544051727310e-02,2.476870927274694902e-03,-4.963262074761142992e-03,2.534249344436169719e-04,6.082542282949026432e-04,-9.114426152543835327e-03
-2.042380891088268688e-02,-1.156052500205074010e-02,-9.147422369581378887e-02,-1.079682100065595535e-01,1.084295509318672357e-01,1.237427777169936884e-02,2.928186044952167319e-02,8.240256123904992442e-04,-8.260366043568151406e-02,1.025390209221715421e-01
1.823656311174119563e-03,-1.047925437346036671e-03,-9.436756140776544205e-03,-1.530519932451130348e-02,-2.373392047531656598e-02,1.152263556343542357e-03,-4.421029533164944417e-03,2.313347010725435617e-03,-5.632884343124588966e-03,-2.489364185078563399e-02
1.432623169992918409e-02,-7.540880050317064556e-03,-6.079099297382814515e-02,-1.135355271604890220e-01,-2.128824101786856160e-01,1.050317995580345685e-02,-5.461198383517554267e-02,1.312070751434816183e-02,-2.580630542647232434e-02,-1.924997492253539833e-01
