nan,nan,nan,nan,nan,nan,nan,nan,nan,nan
-7.852336877521277989e-04,-2.257097232673680788e-04,4.657714519951794592e-03,5.383985899316467635e-03,3.630880134436555162e-03,1.385455862112602941e-03,3.950500535892562115e-03,-1.210019108774371350e-03,1.673655344983251188e-03,2.687287291094775897e-03
4.414841491715216365e-02,8.384526348790329736e-03,-1.555042989956103849e-01,-1.789208997765932563e-01,-1.814060126382443239e-01,-9.228748100090408690e-02,-1.353253081154655035e-01,6.635952509527026644e-02,-2.141735176729578013e-02,-1.242817402018011608e-01
1.472409342432778878e-01,1.312125678026805284e-02,-5.051187676117654402e-01,-3.432062546335679643e-01,-8.092620265984803996e-02,-1.194373059081136612e-01,-1.345912390268234893e-01,1.857888742693979967e-01,-7.787538545118113942e-02,-4.702124518207363990e-01
6.711644657520556001e-02,5.290833200808992692e-02,-4.628002626078693837e-01,-7.815464678811607779e-01,-8.330881500384585969e-01,-4.623579455461456211e-01,-5.790237955647493662e-01,1.402740717896469036e-01,-1.050619068082345869e-01,-3.851368384853451898e-01
1.965835841233275726e-03,2.098308307606604748e-04,-3.843805009231857084e-03,-3.113656486338441109e-03,3.487338064581735342e-03,-1.522659296919076774e-03,1.422547047809593658e-03,2.156926792862642276e-03,-1.916096028866903171e-03,-1.909214412166823681e-03
1.164037788007506735e-01,5.407803606153531450e-02,-3.818085770014763569e-01,-6.099236732896956559e-01,-5.321031054452771691e-01,-4.256328716067662166e-01,-4.012993547488159507e-01,1.578791926184671957e-01,-1.112000877015187766e-01,-2.952370775491449106e-01
-2.788037492543314275e-02,-8.002079497025700594e-03,-3.055524735665104963e-02,-2.467597581914816041e-01,-3.441855947519117387e-01,-4.598278842441976683e-02,-4.514699385606069787e-02,-1.167595921396936617e-03,5.329666362275089359e-02,-1.223361186118974570e-01
1.581054077768108282e-03,4.235541179475860825e-04,-1.047014460258318194e-02,-1.154543635889376460e-02,-1.162163671168226636e-02,-4.544473507815729833e-03,-9.940856901901464621e-03,2.979204327404468174e-03,-1.542773283177536646e-03,-6.959361682496342273e-03
2.006618400667483648e-01,2.871029280901440245e-02,-4.116002792870424032e-01,-1.215337987507956186e-01,-6.300899433889138590e-02,-3.239151681890943824e-01,-2.400957279103105857e-01,2.607424530771279003e-01,-6.305954124822765738e-02,-3.731565165498742509e-01
