nan,nan,nan,nan,nan,nan,nan,nan,nan,nan
6.906290222594203853e-05,-1.720052464981913288e-04,-7.989317004163856012e-03,-6.088575021025124283e-04,2.159888586903163546e-04,3.071052744894246442e-03,-7.056918241800658187e-04,-4.544911084626847633e-03,2.163779372052245138e-03,-2.929699633637342700e-03
6.514684702592074550e-02,7.564700311722499793e-02,-6.853767761016951177e-01,-3.907344178688401670e-01,-3.859086272079959024e-01,-5.596763265149468092e-02,-1.996504687861695992e-01,-4.922696623539809524e-01,5.927701711054780137e-02,-1.343018906287848091e-01
3.373030870436180551e-02,1.296776228699875189e-01,4.659193888002226003e-01,-5.254688590453630015e-01,-3.070947871956049013e-01,-4.279344270013243912e-01,-2.021998102917915152e-01,1.532589207948512888e-01,-4.068857633463250634e-02,5.260696201168992836e-01
4.414837920734868246e-04,-5.497537432992505389e-04,9.595816196705911393e-05,-3.181095221624096348e-03,-3.282294864629289443e-03,-4.181278448034507142e-03,-1.349084639728306096e-03,-2.452182071702313157e-03,-2.327181732454519560e-03,1.531476552120975389e-03
-9.772807218306971133e-03,-1.387020446053275312e-02,5.607307923176375192e-02,7.242201056406638582e-02,2.365909480218097993e-02,-1.346316117611641959e-02,5.079488172530544771e-02,5.781940357305651035e-02,-4.602791862890045355e-02,-1.141547537242650241e-02
1.312054047302274422e-02,9.086749184699526374e-03,-5.610861304483227840e-02,-1.288996132173227671e-01,-7.885724271049489309e-02,-8.417037286909589966e-02,-7.138176252456511495e-02,-8.696087553810531723e-02,-7.828841674481772095e-03,5.458264587179761929e-02
2.609362182264284707e-02,4.241622191780772960e-02,-1.853558366397263513e-01,-2.650048284178019298e-01,-1.983680474933149918e-01,-4.100577324137385377e-02,-1.256862727548451464e-01,-2.545008615112388517e-01,8.068140646845167741e-02,4.520173076413434854e-02
-5.294823630508592102e-03,-1.089925217943878699e-01,-5.452888810266225406e-01,2.272172739946478892e-01,2.248517801814339245e-01,5.022027969181864782e-01,1.053435721589056767e-01,-1.714962821871247323e-01,7.780336500432760705e-02,-3.064598984425735417e-01
1.421665566175907454e-02,1.123388086376709075e-02,-1.235423434556422312e-01,-9.700886147078696675e-02,-4.216804448462345596e-03,-3.697893616273432993e-02,-8.285734295504873503e-02,-1.488492110602570029e-01,2.004000209959436174e-02,-4.482925309269080415e-03
