nan,nan,nan,nan,nan,nan,nan,nan,nan,nan
-0.000000000000000000e+00,-0.000000000000000000e+00,0.000000000000000000e+00,0.000000000000000000e+00,0.000000000000000000e+00,0.000000000000000000e+00,0.000000000000000000e+00,-0.000000000000000000e+00,0.000000000000000000e+00,0.000000000000000000e+00
4.425502745352696721e+00,7.522579789451708798e+00,-1.809311573078580704e+00,2.397169094004365064e+00,-2.872901887506723817e+00,1.285228540631478067e+00,-2.072129876946760818e-01,-0.000000000000000000e+00,-2.524078741464178322e+00,-9.249233374113368100e-01
0.000000000000000000e+00,0.000000000000000000e+00,-1.344899871893894705e+00,-0.000000000000000000e+00,0.000000000000000000e+00,0.000000000000000000e+00,0.000000000000000000e+00,0.000000000000000000e+00,-0.000000000000000000e+00,-1.140885233976957958e+00
-0.000000000000000000e+00,0.000000000000000000e+00,-1.112125803902268423e-01,-1.045649097993693877e+00,-1.813833579134541907e+00,-1.573021423964120258e+00,-2.956157680018497297e-02,-0.000000000000000000e+00,-0.000000000000000000e+00,-0.000000000000000000e+00
0.000000000000000000e+00,0.000000000000000000e+00,-9.585900063777798019e-01,-9.202441468387725365e-01,1.479666149362421246e+00,-0.000000000000000000e+00,2.497958738953670044e-01,0.000000000000000000e+00,-0.000000000000000000e+00,-0.000000000000000000e+00
0.000000000000000000e+00,0.000000000000000000e+00,-1.049035509029817848e-01,-1.028789326329934140e+00,-7.578463437812638093e-01,-1.777487277001741584e+00,-0.000000000000000000e+00,0.000000000000000000e+00,-0.000000000000000000e+00,-0.000000000000000000e+00
-0.000000000000000000e+00,-0.000000000000000000e+00,0.000000000000000000e+00,-3.555997730446482097e-02,-8.849578619728354356e-01,-0.000000000000000000e+00,0.000000000000000000e+00,-0.000000000000000000e+00,0.000000000000000000e+00,-0.000000000000000000e+00
0.000000000000000000e+00,0.000000000000000000e+00,-0.000000000000000000e+00,-0.000000000000000000e+00,-0.000000000000000000e+00,-0.000000000000000000e+00,-0.000000000000000000e+00,0.000000000000000000e+00,-0.000000000000000000e+00,-0.000000000000000000e+00
0.000000000000000000e+00,0.000000000000000000e+00,-1.105524145302919425e+00,-0.000000000000000000e+00,-0.000000000000000000e+00,-2.560537828216814527e-01,-0.000000000000000000e+00,0.000000000000000000e+00,-0.000000000000000000e+00,-4.503390377712089832e-01
