nan,nan,nan,nan,nan,nan,nan,nan,nan,nan
-0.000000000000000000e+00,-0.000000000000000000e+00,0.000000000000000000e+00,0.000000000000000000e+00,0.000000000000000000e+00,0.000000000000000000e+00,0.000000000000000000e+00,-0.000000000000000000e+00,0.000000000000000000e+00,0.000000000000000000e+00
2.611004724822421963e+00,1.995319683151573376e+00,-1.825161370732992339e+00,2.412194220742248874e+00,-2.462560360783567326e+00,6.026988455057062932e-01,-5.754480461237785338e-01,8.430299399441602004e-01,-2.321424255369663570e+00,-1.049530547604122344e+00
0.000000000000000000e+00,0.000000000000000000e+00,-1.301133946233664629e+00,-1.289966466106015619e-02,3.413144002863488513e-02,-0.000000000000000000e+00,-0.000000000000000000e+00,0.000000000000000000e+00,-0.000000000000000000e+00,-1.193597854242832934e+00
-0.000000000000000000e+00,0.000000000000000000e+00,-1.980811185145733011e-01,-9.925468069821455908e-01,-1.520377711387333353e+00,-1.222758783172064101e+00,-4.666214362541329930e-01,-0.000000000000000000e+00,-0.000000000000000000e+00,-1.810796220882275598e-01
2.696122516837969052e-02,0.000000000000000000e+00,-9.858564163710906714e-01,-7.902742533556593729e-01,1.153239112235524111e+00,-0.000000000000000000e+00,6.275565646372571749e-01,6.533224982769683664e-02,-4.763954332597531982e-01,-0.000000000000000000e+00
0.000000000000000000e+00,0.000000000000000000e+00,-3.130444728250678654e-01,-9.539124637978675381e-01,-7.718665188923933274e-01,-1.526917106494234178e+00,-5.259611799441940572e-02,0.000000000000000000e+00,-0.000000000000000000e+00,-4.710621163962779891e-04
-0.000000000000000000e+00,-0.000000000000000000e+00,0.000000000000000000e+00,-2.020472845293826425e-01,-7.143048758403774956e-01,0.000000000000000000e+00,0.000000000000000000e+00,-0.000000000000000000e+00,0.000000000000000000e+00,-0.000000000000000000e+00
0.000000000000000000e+00,0.000000000000000000e+00,-0.000000000000000000e+00,-0.000000000000000000e+00,-6.612188882320250323e-17,-0.000000000000000000e+00,-0.000000000000000000e+00,0.000000000000000000e+00,-0.000000000000000000e+00,-0.000000000000000000e+00
0.000000000000000000e+00,0.000000000000000000e+00,-6.489736365390542661e-01,-0.000000000000000000e+00,-0.000000000000000000e+00,-3.297272365235751068e-01,-1.335456729265828424e-01,1.385366901961248946e-02,-0.000000000000000000e+00,-4.563885819304124292e-01
