nan,nan,nan,nan,nan,nan,nan,nan,nan,nan
-0.000000000000000000e+00,-0.000000000000000000e+00,0.000000000000000000e+00,0.000000000000000000e+00,0.000000000000000000e+00,0.000000000000000000e+00,0.000000000000000000e+00,-0.000000000000000000e+00,0.000000000000000000e+00,1.951163331993687011e-17
0.000000000000000000e+00,0.000000000000000000e+00,-0.000000000000000000e+00,-0.000000000000000000e+00,-6.570350853937717561e-01,0.000000000000000000e+00,-0.000000000000000000e+00,0.000000000000000000e+00,0.000000000000000000e+00,-4.341891915182020667e-01
0.000000000000000000e+00,0.000000000000000000e+00,-8.895962503980982261e-02,-1.050802904490920203e-01,-0.000000000000000000e+00,0.000000000000000000e+00,-0.000000000000000000e+00,0.000000000000000000e+00,-0.000000000000000000e+00,-6.791898812735469582e-01
0.000000000000000000e+00,-0.000000000000000000e+00,-0.000000000000000000e+00,-1.325700738451112692e-01,-8.167122154881765184e-01,0.000000000000000000e+00,-0.000000000000000000e+00,0.000000000000000000e+00,-0.000000000000000000e+00,-4.243316075979863128e-02
0.000000000000000000e+00,0.000000000000000000e+00,-1.588128012604741901e+00,-3.920789490151747048e-01,2.246876168253895412e-01,7.110961932091271198e-02,-1.454094644065948849e-01,0.000000000000000000e+00,-1.726234934700289436e+00,7.661373348083095891e-01
0.000000000000000000e+00,-0.000000000000000000e+00,-0.000000000000000000e+00,-0.000000000000000000e+00,-4.959090607440086803e-17,0.000000000000000000e+00,-0.000000000000000000e+00,0.000000000000000000e+00,0.000000000000000000e+00,-0.000000000000000000e+00
-0.000000000000000000e+00,0.000000000000000000e+00,0.000000000000000000e+00,0.000000000000000000e+00,0.000000000000000000e+00,-0.000000000000000000e+00,0.000000000000000000e+00,-0.000000000000000000e+00,-0.000000000000000000e+00,0.000000000000000000e+00
0.000000000000000000e+00,-0.000000000000000000e+00,-9.201954687846799485e-01,-1.732493021165171510e-01,6.610691488509873315e-01,-0.000000000000000000e+00,5.492204487333196550e-01,6.051050498853129123e-02,-9.339234756171963525e-01,-1.203325685800404443e+00
0.000000000000000000e+00,0.000000000000000000e+00,-0.000000000000000000e+00,-0.000000000000000000e+00,-4.787317124768976084e-01,-0.000000000000000000e+00,-0.000000000000000000e+00,0.000000000000000000e+00,-0.000000000000000000e+00,-5.106736415653195804e-01
