nan,nan,nan,nan,nan,nan,nan,nan,nan,nan
0.000000000000000000e+00,-0.000000000000000000e+00,-5.729906605771995873e-17,-0.000000000000000000e+00,0.000000000000000000e+00,0.000000000000000000e+00,-0.000000000000000000e+00,-0.000000000000000000e+00,0.000000000000000000e+00,-0.000000000000000000e+00
0.000000000000000000e+00,0.000000000000000000e+00,-9.711341535798017066e-01,-3.113686471695190083e-01,-4.319131436775121013e-01,-0.000000000000000000e+00,-0.000000000000000000e+00,-5.199256571438453101e-01,0.000000000000000000e+00,-0.000000000000000000e+00
0.000000000000000000e+00,0.000000000000000000e+00,9.075539954157804123e-01,-1.051397095108985491e+00,-2.486053796113099623e-01,-3.398515040153305411e-01,-0.000000000000000000e+00,5.934223084449540692e-02,0.000000000000000000e+00,1.114750186131689524e+00
0.000000000000000000e+00,-0.000000000000000000e+00,-0.000000000000000000e+00,-0.000000000000000000e+00,-0.000000000000000000e+00,-0.000000000000000000e+00,-0.000000000000000000e+00,-0.000000000000000000e+00,-0.000000000000000000e+00,0.000000000000000000e+00
-0.000000000000000000e+00,-0.000000000000000000e+00,1.498414965658127415e-02,2.151387247092237387e-01,0.000000000000000000e+00,-0.000000000000000000e+00,0.000000000000000000e+00,1.500601937833239558e-02,-0.000000000000000000e+00,-0.000000000000000000e+00
0.000000000000000000e+00,0.000000000000000000e+00,0.000000000000000000e+00,-8.138841915122141391e-01,-2.369983911388779951e-01,-2.736899288899475313e-01,-0.000000000000000000e+00,-0.000000000000000000e+00,-0.000000000000000000e+00,1.242756012754606294e-02
0.000000000000000000e+00,0.000000000000000000e+00,-1.041978204327272950e-01,-3.946486144840858912e-01,-1.371640536475509653e-01,-0.000000000000000000e+00,-0.000000000000000000e+00,-3.239835334475614226e-01,0.000000000000000000e+00,0.000000000000000000e+00
-0.000000000000000000e+00,-0.000000000000000000e+00,-9.989174904988973314e-01,3.718844342437755968e-01,1.708253910836403655e-01,1.014732059436814993e+00,0.000000000000000000e+00,-0.000000000000000000e+00,-0.000000000000000000e+00,-1.881198116768493800e-01
0.000000000000000000e+00,0.000000000000000000e+00,-1.808370144406657165e-01,-0.000000000000000000e+00,0.000000000000000000e+00,-0.000000000000000000e+00,-3.649425511720103660e-04,-7.017620847969171516e-01,0.000000000000000000e+00,-0.000000000000000000e+00
